adduser	3.137ubuntu1	all
adwaita-icon-theme	46.0-1	all
apt	2.8.3	amd64
apt-transport-https	2.8.3	all
apt-utils	2.8.3	amd64
aspnetcore-runtime-10.0	10.0.3-0ubuntu1~24.04.1	amd64
aspnetcore-runtime-8.0	8.0.24-0ubuntu1~24.04.1	amd64
aspnetcore-targeting-pack-10.0	10.0.3-0ubuntu1~24.04.1	amd64
aspnetcore-targeting-pack-8.0	8.0.24-0ubuntu1~24.04.1	amd64
at-spi2-common	2.52.0-1build1	all
autoconf	2.71-3	all
automake	1:1.16.5-1.3ubuntu1	all
autotools-dev	20220109.1	all
base-files	13ubuntu10.4	amd64
base-passwd	3.6.3build1	amd64
bash	5.2.21-2ubuntu4	amd64
bind9-dnsutils	1:9.18.39-0ubuntu0.24.04.2	amd64
bind9-host	1:9.18.39-0ubuntu0.24.04.2	amd64
bind9-libs	1:9.18.39-0ubuntu0.24.04.2	amd64
binutils	2.42-4ubuntu2.8	amd64
binutils-common	2.42-4ubuntu2.8	amd64
binutils-x86-64-linux-gnu	2.42-4ubuntu2.8	amd64
bsdutils	1:2.39.3-9ubuntu6.4	amd64
build-essential	12.10ubuntu1	amd64
bzip2	1.0.8-5.1build0.1	amd64
ca-certificates	20240203	all
ca-certificates-java	20240118	all
ccache	4.9.1-1	amd64
clang	1:18.0-59~exp2	amd64
clang-18	1:18.1.3-1ubuntu1	amd64
clang-format	1:18.0-59~exp2	amd64
clang-format-18	1:18.1.3-1ubuntu1	amd64
clang-tidy	1:18.0-59~exp2	amd64
clang-tidy-18	1:18.1.3-1ubuntu1	amd64
clang-tools-18	1:18.1.3-1ubuntu1	amd64
cmake	3.28.3-1build7	amd64
cmake-data	3.28.3-1build7	all
containerd	1.7.28-0ubuntu1~24.04.2	amd64
containerd.io	2.2.1-1~ubuntu.24.04~noble	amd64
coreutils	9.4-3ubuntu6.1	amd64
cpp	4:13.2.0-7ubuntu1	amd64
cpp-13	13.3.0-6ubuntu2~24.04.1	amd64
cpp-13-x86-64-linux-gnu	13.3.0-6ubuntu2~24.04.1	amd64
cpp-x86-64-linux-gnu	4:13.2.0-7ubuntu1	amd64
cppcheck	2.13.0-2ubuntu3	amd64
curl	8.5.0-2ubuntu10.7	amd64
dash	0.5.12-6ubuntu5	amd64
dbus	1.14.10-4ubuntu4.1	amd64
dbus-bin	1.14.10-4ubuntu4.1	amd64
dbus-daemon	1.14.10-4ubuntu4.1	amd64
dbus-session-bus-common	1.14.10-4ubuntu4.1	all
dbus-system-bus-common	1.14.10-4ubuntu4.1	all
dbus-user-session	1.14.10-4ubuntu4.1	amd64
dconf-gsettings-backend	0.40.0-4ubuntu0.1	amd64
dconf-service	0.40.0-4ubuntu0.1	amd64
debconf	1.5.86ubuntu1	all
debianutils	5.17build1	amd64
dictionaries-common	1.29.7	all
diffutils	1:3.10-1build1	amd64
dirmngr	2.4.4-2ubuntu17.4	amd64
distro-info-data	0.60ubuntu0.5	all
dnsutils	1:9.18.39-0ubuntu0.24.04.2	all
docker-buildx-plugin	0.31.1-1~ubuntu.24.04~noble	amd64
docker-ce	5:29.2.1-1~ubuntu.24.04~noble	amd64
docker-ce-cli	5:29.2.1-1~ubuntu.24.04~noble	amd64
docker-compose-plugin	5.1.0-1~ubuntu.24.04~noble	amd64
docker.io	28.2.2-0ubuntu1~24.04.1	amd64
dos2unix	7.5.1-1	amd64
dotnet-apphost-pack-10.0	10.0.3-0ubuntu1~24.04.1	amd64
dotnet-apphost-pack-8.0	8.0.24-0ubuntu1~24.04.1	amd64
dotnet-host-10.0	10.0.3-0ubuntu1~24.04.1	amd64
dotnet-hostfxr-10.0	10.0.3-0ubuntu1~24.04.1	amd64
dotnet-hostfxr-8.0	8.0.24-0ubuntu1~24.04.1	amd64
dotnet-runtime-10.0	10.0.3-0ubuntu1~24.04.1	amd64
dotnet-runtime-8.0	8.0.24-0ubuntu1~24.04.1	amd64
dotnet-sdk-10.0	10.0.103-0ubuntu1~24.04.1	amd64
dotnet-sdk-8.0	8.0.124-0ubuntu1~24.04.1	amd64
dotnet-targeting-pack-10.0	10.0.3-0ubuntu1~24.04.1	amd64
dotnet-targeting-pack-8.0	8.0.24-0ubuntu1~24.04.1	amd64
dotnet-templates-10.0	10.0.103-0ubuntu1~24.04.1	amd64
dotnet-templates-8.0	8.0.124-0ubuntu1~24.04.1	amd64
dpkg	1.22.6ubuntu6.5	amd64
dpkg-dev	1.22.6ubuntu6.5	all
e2fsprogs	1.47.0-2.4~exp1ubuntu4.1	amd64
emacsen-common	3.0.5	all
eslint	6.4.0~dfsg+~6.1.9-11build3	all
file	1:5.45-3build1	amd64
findutils	4.9.0-5build1	amd64
fontconfig	2.15.0-1.1ubuntu2	amd64
fontconfig-config	2.15.0-1.1ubuntu2	amd64
fonts-dejavu-core	2.37-8	all
fonts-dejavu-mono	2.37-8	all
fonts-freefont-ttf	20211204+svn4273-2	all
fonts-ipafont-gothic	00303-21ubuntu1	all
fonts-liberation	1:2.1.5-3	all
fonts-noto-color-emoji	2.047-0ubuntu0.24.04.1	all
fonts-tlwg-loma-otf	1:0.7.3-1	all
fonts-unifont	1:15.1.01-1build1	all
fonts-wqy-zenhei	0.9.45-8	all
g++	4:13.2.0-7ubuntu1	amd64
g++-13	13.3.0-6ubuntu2~24.04.1	amd64
g++-13-x86-64-linux-gnu	13.3.0-6ubuntu2~24.04.1	amd64
g++-x86-64-linux-gnu	4:13.2.0-7ubuntu1	amd64
gawk	1:5.2.1-2build3	amd64
gcc	4:13.2.0-7ubuntu1	amd64
gcc-13	13.3.0-6ubuntu2~24.04.1	amd64
gcc-13-base	13.3.0-6ubuntu2~24.04.1	amd64
gcc-13-x86-64-linux-gnu	13.3.0-6ubuntu2~24.04.1	amd64
gcc-14-base	14.2.0-4ubuntu2~24.04.1	amd64
gcc-x86-64-linux-gnu	4:13.2.0-7ubuntu1	amd64
gdb	15.0.50.20240403-0ubuntu1	amd64
gir1.2-girepository-2.0	1.80.1-1	amd64
gir1.2-glib-2.0	2.80.0-6ubuntu3.8	amd64
gir1.2-packagekitglib-1.0	1.2.8-2ubuntu1.4	amd64
git	1:2.53.0-0ppa1~ubuntu24.04.1	amd64
git-man	1:2.53.0-0ppa1~ubuntu24.04.1	all
glib-networking	2.80.0-1build1	amd64
glib-networking-common	2.80.0-1build1	all
glib-networking-services	2.80.0-1build1	amd64
gnupg	2.4.4-2ubuntu17.4	all
gnupg-utils	2.4.4-2ubuntu17.4	amd64
gnupg2	2.4.4-2ubuntu17.4	all
google-chrome-stable	145.0.7632.116-1	amd64
gpg	2.4.4-2ubuntu17.4	amd64
gpg-agent	2.4.4-2ubuntu17.4	amd64
gpgconf	2.4.4-2ubuntu17.4	amd64
gpgsm	2.4.4-2ubuntu17.4	amd64
gpgv	2.4.4-2ubuntu17.4	amd64
grep	3.11-4build1	amd64
gsettings-desktop-schemas	46.1-0ubuntu1	all
gstreamer1.0-libav	1.24.1-1build1	amd64
gstreamer1.0-plugins-bad	1.24.2-1ubuntu4	amd64
gstreamer1.0-plugins-base	1.24.2-1ubuntu0.3	amd64
gstreamer1.0-plugins-good	1.24.2-1ubuntu1.2	amd64
gtk-update-icon-cache	3.24.41-4ubuntu1.3	amd64
gyp	0.1+20220404git9ecf45e-2	all
gzip	1.12-1ubuntu3.1	amd64
handlebars	3:4.7.7+~4.1.0-1	all
hicolor-icon-theme	0.17-2	all
hostname	3.23+nmu2ubuntu2	amd64
htop	3.3.0-4build1	amd64
humanity-icon-theme	0.6.16	all
hunspell-en-us	1:2020.12.07-2	all
init	1.66ubuntu1	amd64
init-system-helpers	1.66ubuntu1	all
inotify-tools	3.22.6.0-4	amd64
iproute2	6.1.0-1ubuntu6.2	amd64
iptables	1.8.10-3ubuntu2	amd64
iputils-ping	3:20240117-1ubuntu0.1	amd64
iso-codes	4.16.0-1	all
java-common	0.75+exp1	all
jq	1.7.1-3ubuntu0.24.04.1	amd64
keyboxd	2.4.4-2ubuntu17.4	amd64
less	590-2ubuntu2.1	amd64
libaa1	1.4p5-51.1	amd64
libabsl20220623t64	20220623.1-3.1ubuntu3.2	amd64
libacl1	2.3.2-1build1.1	amd64
libaom3	3.8.2-2ubuntu0.1	amd64
libapparmor1	4.0.1really4.0.1-0ubuntu0.24.04.5	amd64
libappstream5	1.0.2-1build6	amd64
libapt-pkg6.0t64	2.8.3	amd64
libarchive13t64	3.7.2-2ubuntu0.5	amd64
libargon2-1	0~20190702+dfsg-4build1	amd64
libasan8	14.2.0-4ubuntu2~24.04.1	amd64
libasound2-data	1.2.11-1ubuntu0.2	all
libasound2t64	1.2.11-1ubuntu0.2	amd64
libaspell15	0.60.8.1-1build1	amd64
libass9	1:0.17.1-2build1	amd64
libassuan0	2.5.6-1build1	amd64
libasyncns0	0.8-6build4	amd64
libatk-bridge2.0-0t64	2.52.0-1build1	amd64
libatk1.0-0t64	2.52.0-1build1	amd64
libatomic1	14.2.0-4ubuntu2~24.04.1	amd64
libatspi2.0-0t64	2.52.0-1build1	amd64
libattr1	1:2.5.2-1build1.1	amd64
libaudit-common	1:3.1.2-2.1build1.1	all
libaudit1	1:3.1.2-2.1build1.1	amd64
libavahi-client3	0.8-13ubuntu6.1	amd64
libavahi-common-data	0.8-13ubuntu6.1	amd64
libavahi-common3	0.8-13ubuntu6.1	amd64
libavc1394-0	0.5.4-5build3	amd64
libavcodec60	7:6.1.1-3ubuntu5	amd64
libavfilter9	7:6.1.1-3ubuntu5	amd64
libavformat60	7:6.1.1-3ubuntu5	amd64
libavif16	1.0.4-1ubuntu3	amd64
libavtp0	0.2.0-1build1	amd64
libavutil58	7:6.1.1-3ubuntu5	amd64
libbabeltrace1	1.5.11-3build3	amd64
libbinutils	2.42-4ubuntu2.8	amd64
libblas3	3.12.0-3build1.1	amd64
libblkid1	2.39.3-9ubuntu6.4	amd64
libbluray2	1:1.3.4-1build1	amd64
libbpf1	1:1.3.0-2build2	amd64
libbrotli-dev	1.1.0-2build2	amd64
libbrotli1	1.1.0-2build2	amd64
libbs2b0	3.1.0+dfsg-7build1	amd64
libbsd0	0.12.1-1build1.1	amd64
libbz2-1.0	1.0.8-5.1build0.1	amd64
libbz2-dev	1.0.8-5.1build0.1	amd64
libc-bin	2.39-0ubuntu8.7	amd64
libc-dev-bin	2.39-0ubuntu8.7	amd64
libc6	2.39-0ubuntu8.7	amd64
libc6-dbg	2.39-0ubuntu8.7	amd64
libc6-dev	2.39-0ubuntu8.7	amd64
libcaca0	0.99.beta20-4ubuntu0.1	amd64
libcairo-gobject2	1.18.0-3build1	amd64
libcairo-script-interpreter2	1.18.0-3build1	amd64
libcairo2	1.18.0-3build1	amd64
libcap-ng0	0.8.4-2build2	amd64
libcap2	1:2.66-5ubuntu2.2	amd64
libcap2-bin	1:2.66-5ubuntu2.2	amd64
libcares2	1.27.0-1.0ubuntu1	amd64
libcbor0.10	0.10.2-1.2ubuntu2	amd64
libcc1-0	14.2.0-4ubuntu2~24.04.1	amd64
libcdparanoia0	3.10.2+debian-14build3	amd64
libchromaprint1	1.5.1-5	amd64
libcjson1	1.7.17-1	amd64
libclang-common-18-dev	1:18.1.3-1ubuntu1	amd64
libclang-cpp18	1:18.1.3-1ubuntu1	amd64
libclang1-18	1:18.1.3-1ubuntu1	amd64
libcodec2-1.2	1.2.0-2build1	amd64
libcolord2	1.4.7-1build2	amd64
libcom-err2	1.47.0-2.4~exp1ubuntu4.1	amd64
libcrypt-dev	1:4.4.36-4build1	amd64
libcrypt1	1:4.4.36-4build1	amd64
libcryptsetup12	2:2.7.0-1ubuntu4.2	amd64
libctf-nobfd0	2.42-4ubuntu2.8	amd64
libctf0	2.42-4ubuntu2.8	amd64
libcups2t64	2.4.7-1.2ubuntu7.9	amd64
libcurl3t64-gnutls	8.5.0-2ubuntu10.7	amd64
libcurl4t64	8.5.0-2ubuntu10.7	amd64
libdatrie1	0.2.13-3build1	amd64
libdav1d7	1.4.1-1build1	amd64
libdb-dev	1:5.3.21ubuntu2	amd64
libdb5.3-dev	5.3.28+dfsg2-7	amd64
libdb5.3t64	5.3.28+dfsg2-7	amd64
libdbus-1-3	1.14.10-4ubuntu4.1	amd64
libdc1394-25	2.2.6-4build1	amd64
libdca0	0.0.7-2build1	amd64
libdconf1	0.40.0-4ubuntu0.1	amd64
libde265-0	1.0.15-1build3	amd64
libdebconfclient0	0.271ubuntu3	amd64
libdebuginfod-common	0.190-1.1ubuntu0.1	all
libdebuginfod1t64	0.190-1.1ubuntu0.1	amd64
libdecor-0-0	0.2.2-1build2	amd64
libdeflate0	1.19-1build1.1	amd64
libdevmapper1.02.1	2:1.02.185-3ubuntu3.2	amd64
libdirectfb-1.7-7t64	1.7.7-11.1ubuntu2	amd64
libdpkg-perl	1.22.6ubuntu6.5	all
libdrm-amdgpu1	2.4.125-1ubuntu0.1~24.04.1	amd64
libdrm-common	2.4.125-1ubuntu0.1~24.04.1	all
libdrm-intel1	2.4.125-1ubuntu0.1~24.04.1	amd64
libdrm2	2.4.125-1ubuntu0.1~24.04.1	amd64
libduktape207	2.7.0+tests-0ubuntu3	amd64
libdv4t64	1.0.0-17.1build1	amd64
libdvdnav4	6.1.1-3build1	amd64
libdvdread8t64	6.1.3-1.1build1	amd64
libdw1t64	0.190-1.1ubuntu0.1	amd64
libedit2	3.1-20230828-1build1	amd64
libegl-mesa0	25.2.8-0ubuntu0.24.04.1	amd64
libegl1	1.7.0-1build1	amd64
libelf1t64	0.190-1.1ubuntu0.1	amd64
libenchant-2-2	2.3.3-2build2	amd64
libepoxy0	1.5.10-1build1	amd64
liberror-perl	0.17029-2	all
libevdev2	1.13.1+dfsg-1build1	amd64
libevent-2.1-7t64	2.1.12-stable-9ubuntu2	amd64
libevent-core-2.1-7t64	2.1.12-stable-9ubuntu2	amd64
libexpat1	2.6.1-2ubuntu0.4	amd64
libexpat1-dev	2.6.1-2ubuntu0.4	amd64
libext2fs2t64	1.47.0-2.4~exp1ubuntu4.1	amd64
libfaad2	2.11.1-1build1	amd64
libfdisk1	2.39.3-9ubuntu6.4	amd64
libffi-dev	3.4.6-1build1	amd64
libffi8	3.4.6-1build1	amd64
libfftw3-double3	3.3.10-1ubuntu3	amd64
libfido2-1	1.14.0-1build3	amd64
libflac12t64	1.4.3+ds-2.1ubuntu2	amd64
libflite1	2.2-6build3	amd64
libfluidsynth3	2.3.4-1build3	amd64
libfontconfig-dev	2.15.0-1.1ubuntu2	amd64
libfontconfig1	2.15.0-1.1ubuntu2	amd64
libfontconfig1-dev	2.15.0-1.1ubuntu2	amd64
libfontenc1	1:1.1.8-1build1	amd64
libfreeaptx0	0.1.1-2build1	amd64
libfreetype-dev	2.13.2+dfsg-1build3	amd64
libfreetype6	2.13.2+dfsg-1build3	amd64
libfribidi0	1.0.13-3build1	amd64
libgav1-1	0.18.0-1build3	amd64
libgbm1	25.2.8-0ubuntu0.24.04.1	amd64
libgc1	1:8.2.6-1build1	amd64
libgcc-13-dev	13.3.0-6ubuntu2~24.04.1	amd64
libgcc-s1	14.2.0-4ubuntu2~24.04.1	amd64
libgcrypt20	1.10.3-2build1	amd64
libgd3	2.3.3-9ubuntu5	amd64
libgdbm-compat4t64	1.23-5.1build1	amd64
libgdbm-dev	1.23-5.1build1	amd64
libgdbm6t64	1.23-5.1build1	amd64
libgdk-pixbuf-2.0-0	2.42.10+dfsg-3ubuntu3.2	amd64
libgdk-pixbuf2.0-common	2.42.10+dfsg-3ubuntu3.2	all
libgfortran5	14.2.0-4ubuntu2~24.04.1	amd64
libgif7	5.2.2-1ubuntu1	amd64
libgirepository-1.0-1	1.80.1-1	amd64
libgl1	1.7.0-1build1	amd64
libgl1-mesa-dri	25.2.8-0ubuntu0.24.04.1	amd64
libgles2	1.7.0-1build1	amd64
libglib2.0-0t64	2.80.0-6ubuntu3.8	amd64
libglib2.0-bin	2.80.0-6ubuntu3.8	amd64
libglib2.0-data	2.80.0-6ubuntu3.8	all
libglu1-mesa	9.0.2-1.1build1	amd64
libglvnd0	1.7.0-1build1	amd64
libglx-mesa0	25.2.8-0ubuntu0.24.04.1	amd64
libglx0	1.7.0-1build1	amd64
libgme0	0.6.3-7build1	amd64
libgmp-dev	2:6.3.0+dfsg-2ubuntu6.1	amd64
libgmp10	2:6.3.0+dfsg-2ubuntu6.1	amd64
libgmpxx4ldbl	2:6.3.0+dfsg-2ubuntu6.1	amd64
libgnutls30t64	3.8.3-1.1ubuntu3.5	amd64
libgomp1	14.2.0-4ubuntu2~24.04.1	amd64
libgpg-error0	1.47-3build2.1	amd64
libgpm2	1.20.7-11	amd64
libgprofng0	2.42-4ubuntu2.8	amd64
libgraphene-1.0-0	1.10.8-3build2	amd64
libgraphite2-3	1.3.14-2build1	amd64
libgsm1	1.0.22-1build1	amd64
libgssapi-krb5-2	1.20.1-6ubuntu2.6	amd64
libgssdp-1.6-0	1.6.3-1build3	amd64
libgstreamer-gl1.0-0	1.24.2-1ubuntu0.3	amd64
libgstreamer-plugins-bad1.0-0	1.24.2-1ubuntu4	amd64
libgstreamer-plugins-base1.0-0	1.24.2-1ubuntu0.3	amd64
libgstreamer-plugins-good1.0-0	1.24.2-1ubuntu1.2	amd64
libgstreamer1.0-0	1.24.2-1ubuntu0.1	amd64
libgtk-3-0t64	3.24.41-4ubuntu1.3	amd64
libgtk-3-common	3.24.41-4ubuntu1.3	all
libgtk-4-1	4.14.5+ds-0ubuntu0.7	amd64
libgtk-4-common	4.14.5+ds-0ubuntu0.7	all
libgudev-1.0-0	1:238-5ubuntu1	amd64
libgupnp-1.6-0	1.6.6-1build3	amd64
libgupnp-igd-1.6-0	1.6.0-3build3	amd64
libharfbuzz-icu0	8.3.0-2build2	amd64
libharfbuzz0b	8.3.0-2build2	amd64
libheif-plugin-aomdec	1.17.6-1ubuntu4.2	amd64
libheif-plugin-libde265	1.17.6-1ubuntu4.2	amd64
libheif1	1.17.6-1ubuntu4.2	amd64
libhiredis1.1.0	1.2.0-6ubuntu3	amd64
libhogweed6t64	3.9.1-2.2build1.1	amd64
libhunspell-1.7-0	1.7.2+really1.7.2-10build3	amd64
libhwasan0	14.2.0-4ubuntu2~24.04.1	amd64
libhwy1t64	1.0.7-8.1build1	amd64
libhyphen0	2.8.8-7build3	amd64
libibverbs1	50.0-2ubuntu0.2	amd64
libice6	2:1.0.10-1build3	amd64
libicu74	74.2-1ubuntu3.1	amd64
libidn2-0	2.3.7-2build1.1	amd64
libiec61883-0	1.2.0-6build1	amd64
libimath-3-1-29t64	3.1.9-3.1ubuntu2	amd64
libinotifytools0	3.22.6.0-4	amd64
libinstpatch-1.0-2	1.1.6-1build2	amd64
libip4tc2	1.8.10-3ubuntu2	amd64
libip6tc2	1.8.10-3ubuntu2	amd64
libipt2	2.0.6-1build1	amd64
libisl23	0.26-3build1.1	amd64
libitm1	14.2.0-4ubuntu2~24.04.1	amd64
libjack-jackd2-0	1.9.21~dfsg-3ubuntu3	amd64
libjansson4	2.14-2build2	amd64
libjbig0	2.1-6.1ubuntu2	amd64
libjpeg-turbo8	2.1.5-2ubuntu2	amd64
libjpeg8	8c-2ubuntu11	amd64
libjq1	1.7.1-3ubuntu0.24.04.1	amd64
libjs-async	0.8.0-6	all
libjs-events	3.3.0+~3.0.0-3	all
libjs-inherits	2.0.4-6	all
libjs-is-typedarray	1.0.0-4	all
libjs-prettify	2015.12.04+dfsg-1.1	all
libjs-regenerate	1.4.2-3	all
libjs-source-map	0.7.0++dfsg2+really.0.6.1-15	all
libjs-sprintf-js	1.1.2+ds1+~1.1.2-1	all
libjs-typedarray-to-buffer	4.0.0-2	all
libjs-util	0.12.5+~1.0.10-1	all
libjson-c5	0.17-1build1	amd64
libjson-glib-1.0-0	1.8.0-2build2	amd64
libjson-glib-1.0-common	1.8.0-2build2	all
libjsoncpp25	1.9.5-6build1	amd64
libjxl0.7	0.7.0-10.2ubuntu6.1	amd64
libk5crypto3	1.20.1-6ubuntu2.6	amd64
libkeyutils1	1.6.3-3build1	amd64
libkmod2	31+20240202-2ubuntu7.1	amd64
libkrb5-3	1.20.1-6ubuntu2.6	amd64
libkrb5support0	1.20.1-6ubuntu2.6	amd64
libksba8	1.6.6-1build1	amd64
liblapack3	3.12.0-3build1.1	amd64
liblc3-1	1.0.4-3build1	amd64
liblcms2-2	2.14-2build1	amd64
libldacbt-enc2	2.0.2.3+git20200429+ed310a0-4ubuntu2	amd64
libldap2	2.6.10+dfsg-0ubuntu0.24.04.1	amd64
liblerc4	4.0.0+ds-4ubuntu2	amd64
liblilv-0-0	0.24.22-1build1	amd64
liblinear4	2.3.0+dfsg-5build1	amd64
libllvm18	1:18.1.3-1ubuntu1	amd64
libllvm20	1:20.1.2-0ubuntu1~24.04.2	amd64
liblmdb0	0.9.31-1build1	amd64
liblrdf0	0.6.1-4build1	amd64
liblsan0	14.2.0-4ubuntu2~24.04.1	amd64
libltc11	1.3.2-1build1	amd64
liblttng-ust-common1t64	2.13.7-1.1ubuntu2	amd64
liblttng-ust-ctl5t64	2.13.7-1.1ubuntu2	amd64
liblttng-ust1t64	2.13.7-1.1ubuntu2	amd64
liblua5.4-0	5.4.6-3build2	amd64
liblz4-1	1.9.4-1build1.1	amd64
liblzma-dev	5.6.1+really5.4.5-1ubuntu0.2	amd64
liblzma5	5.6.1+really5.4.5-1ubuntu0.2	amd64
liblzo2-2	2.10-2build4	amd64
libmagic-mgc	1:5.45-3build1	amd64
libmagic1t64	1:5.45-3build1	amd64
libmanette-0.2-0	0.2.7-1build2	amd64
libmaxminddb0	1.9.1-1build1	amd64
libmbedcrypto7t64	2.28.8-1	amd64
libmd0	1.1.0-2build1.1	amd64
libmfx1	22.5.4-1	amd64
libmjpegutils-2.1-0t64	1:2.1.0+debian-8.1build1	amd64
libmnl0	1.0.5-2build1	amd64
libmodplug1	1:0.8.9.0-3build1	amd64
libmount1	2.39.3-9ubuntu6.4	amd64
libmp3lame0	3.100-6build1	amd64
libmpc3	1.3.1-1build1.1	amd64
libmpcdec6	2:0.1~r495-2build1	amd64
libmpeg2encpp-2.1-0t64	1:2.1.0+debian-8.1build1	amd64
libmpfr6	4.2.1-1build1.1	amd64
libmpg123-0t64	1.32.5-1ubuntu1.1	amd64
libmplex2-2.1-0t64	1:2.1.0+debian-8.1build1	amd64
libmysofa1	1.3.2+dfsg-2ubuntu2	amd64
libncurses-dev	6.4+20240113-1ubuntu2	amd64
libncurses6	6.4+20240113-1ubuntu2	amd64
libncursesw6	6.4+20240113-1ubuntu2	amd64
libneon27t64	0.33.0-1.1build3	amd64
libnetfilter-conntrack3	1.0.9-6build1	amd64
libnettle8t64	3.9.1-2.2build1.1	amd64
libnfnetlink0	1.0.2-2build1	amd64
libnftables1	1.0.9-1build1	amd64
libnftnl11	1.2.6-2build1	amd64
libnghttp2-14	1.59.0-1ubuntu0.2	amd64
libnice10	0.1.21-2build3	amd64
libnl-3-200	3.7.0-0.3build1.1	amd64
libnl-genl-3-200	3.7.0-0.3build1.1	amd64
libnl-route-3-200	3.7.0-0.3build1.1	amd64
libnode-dev	18.19.1+dfsg-6ubuntu5	amd64
libnode109	18.19.1+dfsg-6ubuntu5	amd64
libnorm1t64	1.5.9+dfsg-3.1build1	amd64
libnpth0t64	1.6-3.1build1	amd64
libnspr4	2:4.35-1.1build1	amd64
libnss3	2:3.98-1ubuntu0.1	amd64
libnuma1	2.0.18-1ubuntu0.24.04.1	amd64
libobjc-13-dev	13.3.0-6ubuntu2~24.04.1	amd64
libobjc4	14.2.0-4ubuntu2~24.04.1	amd64
libogg0	1.3.5-3build1	amd64
libonig5	6.9.9-1build1	amd64
libopenal-data	1:1.23.1-4build1	all
libopenal1	1:1.23.1-4build1	amd64
libopenexr-3-1-30	3.1.5-5.1build3	amd64
libopengl0	1.7.0-1build1	amd64
libopenh264-7	2.4.1+dfsg-1	amd64
libopenjp2-7	2.5.0-2ubuntu0.4	amd64
libopenmpt0t64	0.7.3-1.1build3	amd64
libopenni2-0	2.2.0.33+dfsg-18	amd64
libopus0	1.4-1build1	amd64
liborc-0.4-0t64	1:0.4.38-1ubuntu0.1	amd64
libp11-kit0	0.25.3-4ubuntu2.1	amd64
libpackagekit-glib2-18	1.2.8-2ubuntu1.4	amd64
libpam-modules	1.5.3-5ubuntu5.5	amd64
libpam-modules-bin	1.5.3-5ubuntu5.5	amd64
libpam-runtime	1.5.3-5ubuntu5.5	all
libpam-systemd	255.4-1ubuntu8.12	amd64
libpam0g	1.5.3-5ubuntu5.5	amd64
libpango-1.0-0	1.52.1+ds-1build1	amd64
libpangocairo-1.0-0	1.52.1+ds-1build1	amd64
libpangoft2-1.0-0	1.52.1+ds-1build1	amd64
libpcap0.8t64	1.10.4-4.1ubuntu3	amd64
libpciaccess0	0.17-3ubuntu0.24.04.2	amd64
libpcre2-8-0	10.42-4ubuntu2.1	amd64
libpcsclite1	2.0.3-1build1	amd64
libperl5.38t64	5.38.2-3.2ubuntu0.2	amd64
libpgm-5.3-0t64	5.3.128~dfsg-2.1build1	amd64
libpipewire-0.3-0t64	1.0.5-1ubuntu3.2	amd64
libpixman-1-0	0.42.2-1build1	amd64
libpkgconf3	1.8.1-2build1	amd64
libplacebo338	6.338.2-2build1	amd64
libpng-dev	1.6.43-5ubuntu0.5	amd64
libpng16-16t64	1.6.43-5ubuntu0.5	amd64
libpocketsphinx3	0.8.0+real5prealpha+1-15ubuntu5	amd64
libpolkit-agent-1-0	124-2ubuntu1.24.04.2	amd64
libpolkit-gobject-1-0	124-2ubuntu1.24.04.2	amd64
libpopt0	1.19+dfsg-1build1	amd64
libpostproc57	7:6.1.1-3ubuntu5	amd64
libproc2-0	2:4.0.4-4ubuntu3.2	amd64
libproxy1v5	0.5.4-4build1	amd64
libpsl5t64	0.21.2-1.1build1	amd64
libpthread-stubs0-dev	0.4-1build3	amd64
libpulse0	1:16.1+dfsg1-2ubuntu10.1	amd64
libpython3-stdlib	3.12.3-0ubuntu2.1	amd64
libpython3.12-minimal	3.12.3-1ubuntu0.11	amd64
libpython3.12-stdlib	3.12.3-1ubuntu0.11	amd64
libpython3.12t64	3.12.3-1ubuntu0.11	amd64
libqrencode4	4.1.1-1build2	amd64
libquadmath0	14.2.0-4ubuntu2~24.04.1	amd64
librabbitmq4	0.11.0-1build2	amd64
libraptor2-0	2.0.16-3ubuntu0.1	amd64
librav1e0	0.7.1-2	amd64
libraw1394-11	2.1.2-2build3	amd64
libreadline-dev	8.2-4build1	amd64
libreadline8t64	8.2-4build1	amd64
librhash0	1.4.3-3build1	amd64
librist4	0.2.10+dfsg-2	amd64
librsvg2-2	2.58.0+dfsg-1build1	amd64
librtmp1	2.4+20151223.gitfa8646d.1-2build7	amd64
librubberband2	3.3.0+dfsg-2build1	amd64
libruby	1:3.2~ubuntu1	amd64
libruby3.2	3.2.3-1ubuntu0.24.04.6	amd64
libsamplerate0	0.2.2-4build1	amd64
libsasl2-2	2.1.28+dfsg1-5ubuntu3.1	amd64
libsasl2-modules-db	2.1.28+dfsg1-5ubuntu3.1	amd64
libsbc1	2.0-1build1	amd64
libsdl2-2.0-0	2.30.0+dfsg-1ubuntu3.1	amd64
libseccomp2	2.5.5-1ubuntu3.1	amd64
libsecret-1-0	0.21.4-1build3	amd64
libsecret-common	0.21.4-1build3	all
libselinux1	3.5-2ubuntu2.1	amd64
libsemanage-common	3.5-1build5	all
libsemanage2	3.5-1build5	amd64
libsensors-config	1:3.6.0-9build1	all
libsensors5	1:3.6.0-9build1	amd64
libsepol2	3.5-2build1	amd64
libserd-0-0	0.32.2-1	amd64
libsframe1	2.42-4ubuntu2.8	amd64
libsharpyuv0	1.3.2-0.4build3	amd64
libshine3	3.1.1-2build1	amd64
libshout3	2.4.6-1build2	amd64
libsigsegv2	2.14-1ubuntu2	amd64
libslang2	2.3.3-3build2	amd64
libsm6	2:1.2.3-1build3	amd64
libsmartcols1	2.39.3-9ubuntu6.4	amd64
libsnappy1v5	1.1.10-1build1	amd64
libsndfile1	1.2.2-1ubuntu5.24.04.1	amd64
libsndio7.0	1.9.0-0.3build3	amd64
libsodium23	1.0.18-1ubuntu0.24.04.1	amd64
libsord-0-0	0.16.16-2build1	amd64
libsoundtouch1	2.3.2+ds1-1build1	amd64
libsoup-3.0-0	3.4.4-5ubuntu0.7	amd64
libsoup-3.0-common	3.4.4-5ubuntu0.7	all
libsource-highlight-common	3.1.9-4.3build1	all
libsource-highlight4t64	3.1.9-4.3build1	amd64
libsoxr0	0.1.3-4build3	amd64
libspa-0.2-modules	1.0.5-1ubuntu3.2	amd64
libspandsp2t64	0.0.6+dfsg-2.1build1	amd64
libspeex1	1.2.1-2ubuntu2.24.04.1	amd64
libsphinxbase3t64	0.8+5prealpha+1-17build2	amd64
libsqlite3-0	3.45.1-1ubuntu2.5	amd64
libsqlite3-dev	3.45.1-1ubuntu2.5	amd64
libsratom-0-0	0.6.16-1build1	amd64
libsrt1.5-gnutls	1.5.3-1build2	amd64
libsrtp2-1	2.5.0-3build1	amd64
libss2	1.47.0-2.4~exp1ubuntu4.1	amd64
libssh-4	0.10.6-2ubuntu0.3	amd64
libssh-gcrypt-4	0.10.6-2ubuntu0.3	amd64
libssh2-1t64	1.11.0-4.1build2	amd64
libssl-dev	3.0.13-0ubuntu3.7	amd64
libssl3t64	3.0.13-0ubuntu3.7	amd64
libstdc++-13-dev	13.3.0-6ubuntu2~24.04.1	amd64
libstdc++6	14.2.0-4ubuntu2~24.04.1	amd64
libstemmer0d	2.2.0-4build1	amd64
libsvtav1enc1d1	1.7.0+dfsg-2build1	amd64
libswresample4	7:6.1.1-3ubuntu5	amd64
libswscale7	7:6.1.1-3ubuntu5	amd64
libsystemd-shared	255.4-1ubuntu8.12	amd64
libsystemd0	255.4-1ubuntu8.12	amd64
libtag1v5	1.13.1-1build1	amd64
libtag1v5-vanilla	1.13.1-1build1	amd64
libtasn1-6	4.19.0-3ubuntu0.24.04.2	amd64
libtcl8.6	8.6.14+dfsg-1build1	amd64
libtext-iconv-perl	1.7-8build3	amd64
libthai-data	0.1.29-2build1	all
libthai0	0.1.29-2build1	amd64
libtheora0	1.1.1+dfsg.1-16.1build3	amd64
libtiff6	4.5.1+git230720-4ubuntu2.4	amd64
libtinfo6	6.4+20240113-1ubuntu2	amd64
libtinyxml2-10	10.0.0+dfsg-2	amd64
libtirpc-common	1.3.4+ds-1.1build1	all
libtirpc3t64	1.3.4+ds-1.1build1	amd64
libtk8.6	8.6.14-1build1	amd64
libtool	2.4.7-7build1	all
libtsan2	14.2.0-4ubuntu2~24.04.1	amd64
libtwolame0	0.4.0-2build3	amd64
libubsan1	14.2.0-4ubuntu2~24.04.1	amd64
libudev1	255.4-1ubuntu8.12	amd64
libudfread0	1.1.2-1build1	amd64
libunibreak5	5.1-2build1	amd64
libunistring5	1.1-2build1.1	amd64
libunwind8	1.6.2-3build1.1	amd64
libusb-1.0-0	2:1.0.27-1	amd64
libutempter0	1.2.1-3build1	amd64
libuuid1	2.39.3-9ubuntu6.4	amd64
libuv1-dev	1.48.0-1.1build1	amd64
libuv1t64	1.48.0-1.1build1	amd64
libv4l-0t64	1.26.1-4build3	amd64
libv4lconvert0t64	1.26.1-4build3	amd64
libva-drm2	2.20.0-2ubuntu0.1	amd64
libva-x11-2	2.20.0-2ubuntu0.1	amd64
libva2	2.20.0-2ubuntu0.1	amd64
libvdpau1	1.5-2build1	amd64
libvidstab1.1	1.1.0-2build1	amd64
libvisual-0.4-0	0.4.2-2build1	amd64
libvo-aacenc0	0.1.3-2build1	amd64
libvo-amrwbenc0	0.1.3-2build1	amd64
libvorbis0a	1.3.7-1build3	amd64
libvorbisenc2	1.3.7-1build3	amd64
libvorbisfile3	1.3.7-1build3	amd64
libvpl2	2023.3.0-1build1	amd64
libvpx9	1.14.0-1ubuntu2.3	amd64
libvulkan1	1.3.275.0-1build1	amd64
libwavpack1	5.6.0-1build1	amd64
libwayland-client0	1.22.0-2.1build1	amd64
libwayland-cursor0	1.22.0-2.1build1	amd64
libwayland-egl1	1.22.0-2.1build1	amd64
libwayland-server0	1.22.0-2.1build1	amd64
libwebp7	1.3.2-0.4build3	amd64
libwebpdemux2	1.3.2-0.4build3	amd64
libwebpmux3	1.3.2-0.4build3	amd64
libwebrtc-audio-processing1	0.3.1-0ubuntu6	amd64
libwildmidi2	0.4.3-1build3	amd64
libwoff1	1.0.2-2build1	amd64
libwrap0	7.6.q-33	amd64
libx11-6	2:1.8.7-1build1	amd64
libx11-data	2:1.8.7-1build1	all
libx11-dev	2:1.8.7-1build1	amd64
libx11-xcb1	2:1.8.7-1build1	amd64
libx264-164	2:0.164.3108+git31e19f9-1	amd64
libx265-199	3.5-2build1	amd64
libxau-dev	1:1.0.9-1build6	amd64
libxau6	1:1.0.9-1build6	amd64
libxaw7	2:1.0.14-1build2	amd64
libxcb-dri3-0	1.15-1ubuntu2	amd64
libxcb-glx0	1.15-1ubuntu2	amd64
libxcb-present0	1.15-1ubuntu2	amd64
libxcb-randr0	1.15-1ubuntu2	amd64
libxcb-render0	1.15-1ubuntu2	amd64
libxcb-shm0	1.15-1ubuntu2	amd64
libxcb-sync1	1.15-1ubuntu2	amd64
libxcb-xfixes0	1.15-1ubuntu2	amd64
libxcb-xkb1	1.15-1ubuntu2	amd64
libxcb1	1.15-1ubuntu2	amd64
libxcb1-dev	1.15-1ubuntu2	amd64
libxcomposite1	1:0.4.5-1build3	amd64
libxcursor1	1:1.2.1-1build1	amd64
libxdamage1	1:1.1.6-1build1	amd64
libxdmcp-dev	1:1.1.3-0ubuntu6	amd64
libxdmcp6	1:1.1.3-0ubuntu6	amd64
libxext-dev	2:1.3.4-1build2	amd64
libxext6	2:1.3.4-1build2	amd64
libxfixes3	1:6.0.0-2build1	amd64
libxfont2	1:2.0.6-1build1	amd64
libxft-dev	2.3.6-1build1	amd64
libxft2	2.3.6-1build1	amd64
libxi6	2:1.8.1-1build1	amd64
libxinerama1	2:1.1.4-3build1	amd64
libxkbcommon-x11-0	1.6.0-1build1	amd64
libxkbcommon0	1.6.0-1build1	amd64
libxkbfile1	1:1.1.0-1build4	amd64
libxml2	2.9.14+dfsg-1.3ubuntu3.7	amd64
libxmlb2	0.3.18-1	amd64
libxmu6	2:1.1.3-3build2	amd64
libxmuu1	2:1.1.3-3build2	amd64
libxpm4	1:3.5.17-1build2	amd64
libxrandr2	2:1.5.2-2build1	amd64
libxrender-dev	1:0.9.10-1.1build1	amd64
libxrender1	1:0.9.10-1.1build1	amd64
libxshmfence1	1.3-1build5	amd64
libxslt1.1	1.1.39-0exp1ubuntu0.24.04.3	amd64
libxss-dev	1:1.2.3-1build3	amd64
libxss1	1:1.2.3-1build3	amd64
libxt6t64	1:1.2.1-1.2build1	amd64
libxtables12	1.8.10-3ubuntu2	amd64
libxtst6	2:1.2.3-1.1build1	amd64
libxvidcore4	2:1.3.7-1build1	amd64
libxxf86vm1	1:1.1.4-1build4	amd64
libxxhash0	0.8.2-2build1	amd64
libyajl2	2.1.0-5build1	amd64
libyaml-0-2	0.2.5-1build1	amd64
libyuv0	0.0~git202401110.af6ac82-1	amd64
libzbar0t64	0.23.93-4build3	amd64
libzimg2	3.0.5+ds1-1build1	amd64
libzip4t64	1.7.3-1.1ubuntu2	amd64
libzix-0-0	0.4.2-2build1	amd64
libzmq5	4.3.5-1build2	amd64
libzstd1	1.5.5+dfsg2-2build1.1	amd64
libzvbi-common	0.2.42-2	all
libzvbi0t64	0.2.42-2	amd64
libzxing3	2.2.1-3	amd64
linux-libc-dev	6.8.0-101.101	amd64
llvm-18-linker-tools	1:18.1.3-1ubuntu1	amd64
locales	2.39-0ubuntu8.7	all
login	1:4.13+dfsg1-4ubuntu3.2	amd64
logsave	1.47.0-2.4~exp1ubuntu4.1	amd64
lsb-release	12.0-2	all
lsof	4.95.0-1build3	amd64
lto-disabled-list	47	all
lynx	2.9.0rel.0-2build2	amd64
lynx-common	2.9.0rel.0-2build2	all
m4	1.4.19-4build1	amd64
make	4.3-4.1build2	amd64
mawk	1.3.4.20240123-1build1	amd64
media-types	10.1.0	all
mesa-libgallium	25.2.8-0ubuntu0.24.04.1	amd64
mount	2.39.3-9ubuntu6.4	amd64
nano	7.2-2ubuntu0.1	amd64
ncurses-base	6.4+20240113-1ubuntu2	all
ncurses-bin	6.4+20240113-1ubuntu2	amd64
net-tools	2.10-0.1ubuntu4.4	amd64
netbase	6.4	all
netstandard-targeting-pack-2.1-8.0	8.0.124-0ubuntu1~24.04.1	amd64
nftables	1.0.9-1build1	amd64
ninja-build	1.11.1-2	amd64
nmap	7.94+git20230807.3be01efb1+dfsg-3build2	amd64
nmap-common	7.94+git20230807.3be01efb1+dfsg-3build2	all
node-abbrev	1.1.1+~1.1.2-1	all
node-acorn	8.8.1+ds+~cs25.17.7-2	all
node-agent-base	7.1.0~0~2023071921-5	all
node-ajv	8.12.0~ds+~2.1.1-4	all
node-ajv-keywords	5.1.0-4	all
node-ampproject-remapping	2.2.0+~cs5.15.37-1	all
node-ansi-escapes	5.0.0+really.4.3.1-1	all
node-ansi-regex	5.0.1-1	all
node-ansi-styles	6.2.1-2	all
node-anymatch	3.1.3+~cs4.6.1-2	all
node-aproba	2.0.0-3	all
node-archy	1.0.0-6	all
node-are-we-there-yet	3.0.1+~1.1.0-1	all
node-argparse	2.0.1-2	all
node-arrify	2.0.1-3	all
node-assert	2.0.0+~cs3.9.8-2	all
node-async	0.8.0-6	all
node-async-each	1.0.3-3	all
node-babel-helper-define-polyfill-provider	0.3.3~0~20220913+ds1-1	all
node-babel-plugin-add-module-exports	1.0.4+dfsg1~cs5.8.0-4	all
node-babel-plugin-lodash	3.3.4+~cs2.0.1-7	all
node-babel-plugin-polyfill-corejs2	0.3.3~0~20220913+ds1-1	all
node-babel-plugin-polyfill-corejs3	0.6.0~0~20220913+ds1-1	all
node-babel-plugin-polyfill-regenerator	0.4.1~0~20220913+ds1-1	all
node-babel7	7.20.15+ds1+~cs214.269.168-6build1	all
node-babel7-runtime	7.20.15+ds1+~cs214.269.168-6build1	all
node-balanced-match	2.0.0-1	all
node-base64-js	1.5.1+dfsg+~1.3.0-2	all
node-binary-extensions	2.2.0-2	all
node-brace-expansion	2.0.1+~1.1.0-1	all
node-braces	3.0.2+~3.0.1-1	all
node-browserslist	4.22.1+~cs6.1.28-1	all
node-builtins	5.0.1-1	all
node-busboy	1.6.0+~cs2.6.0-2	all
node-cacache	17.0.3+~cs10.3.7-1	all
node-camelcase	7.0.0-3	all
node-caniuse-lite	1.0.30001571+dfsg+~1.0.5-1	all
node-chalk	5.3.0-1build1	all
node-chokidar	3.6.0-2	all
node-chownr	2.0.0-2	all
node-chrome-trace-event	1.0.3-2	all
node-ci-info	4.0.0+~cs1.1.0-1build2	all
node-cjs-module-lexer	1.2.3+dfsg-1	all
node-cli-table	0.3.11+~cs0.13.4-3	all
node-cliui	7.0.4+repack+~cs3.1.0-4	all
node-clone	2.1.2+~2.1.2-1	all
node-clone-deep	4.0.1+~cs7.0.2-1	all
node-color-convert	2.0.1+~cs2.0.0-2	all
node-color-name	1.1.4+~1.1.1-2	all
node-colors	1.4.0-4	all
node-columnify	1.6.0+~1.5.1-1	all
node-commander	9.4.1-1	all
node-commondir	1.0.1+~1.0.0-1	all
node-concat-stream	2.0.0+~2.0.0-2	all
node-console-control-strings	1.1.0-3	all
node-convert-source-map	1.9.0+~1.5.2-1	all
node-copy-concurrently	1.0.5-9	all
node-core-js	3.33.2-1build2	all
node-core-js-compat	3.33.2-1build2	all
node-core-js-pure	3.33.2-1build2	all
node-core-util-is	1.0.3-1	all
node-css-loader	6.8.1+~cs14.0.17-1	all
node-css-selector-tokenizer	0.8.0+~cs4.8.3-1	all
node-data-uri-to-buffer	5.0.1~0~2023071921-5	all
node-debbundle-es-to-primitive	1.2.1+~cs9.7.25-2	all
node-debug	4.3.4+~cs4.1.7-1	all
node-decamelize	4.0.0-2	all
node-decompress-response	6.0.0-2	all
node-deep-equal	2.2.3+~cs43.15.94-1	all
node-deep-is	0.1.4-1	all
node-defaults	1.0.4+~1.0.3-1	all
node-define-properties	1.2.1+~cs2.2.3-1	all
node-define-property	2.0.2+really+2.0.2-3	all
node-defined	1.0.1+~1.0.0-1	all
node-del	7.0.0-5	all
node-delegates	1.0.0-3	all
node-depd	2.0.0-2	all
node-diff	5.0.0~dfsg+~5.0.1-4	all
node-doctrine	3.0.0-4	all
node-electron-to-chromium	1.4.616-1	all
node-encoding	0.1.13-2	all
node-end-of-stream	1.4.4+~1.4.1-1	all
node-enhanced-resolve	5.15.0-1	all
node-err-code	2.0.3+dfsg-3	all
node-errno	1.0.0-3	all
node-error-ex	1.3.2-4	all
node-es-abstract	1.20.4+~cs26.27.47-1	all
node-es-module-lexer	1.1.0+dfsg-3	all
node-es6-error	4.1.1-5	all
node-escape-string-regexp	4.0.0-2	all
node-escodegen	2.1.0+dfsg+~0.0.8-1	all
node-eslint-scope	7.1.1+~3.7.4-1	all
node-eslint-utils	3.0.0-3	all
node-eslint-visitor-keys	3.3.0+~1.0.0-1	all
node-espree	9.4.1~dfsg-2	all
node-esprima	4.0.1+ds+~4.0.3-2	all
node-esquery	1.4.2~ds-1	all
node-esrecurse	4.3.0-2	all
node-estraverse	5.3.0+ds+~5.1.1-1	all
node-esutils	2.0.3+~2.0.0-1	all
node-events	3.3.0+~3.0.0-3	all
node-fancy-log	1.3.3+~cs1.3.1-2	all
node-fast-deep-equal	3.1.3-3	all
node-fast-levenshtein	2.0.6+ds-3	all
node-fetch	3.3.2+~cs11.4.11-1	all
node-file-entry-cache	6.0.1+~3.0.4+~2.0.0+~1.0.0+~2.0.1-1	all
node-fill-range	7.0.1+~7.0.0-1	all
node-find-cache-dir	3.3.2+~3.2.1-1	all
node-find-up	6.3.0-7	all
node-flat-cache	3.0.4~6.0.1+~3.0.4+~2.0.0+~1.0.0+~2.0.1-1	all
node-flatted	3.2.7~ds-1	all
node-for-in	1.0.2-4	all
node-for-own	1.0.0-3	all
node-foreground-child	3.1.1-2	all
node-fs-readdir-recursive	1.1.0+~1.1.0-1	all
node-fs-write-stream-atomic	1.0.10-6	all
node-fs.realpath	1.0.0-3	all
node-function-bind	1.1.2+~cs2.1.14-1	all
node-functional-red-black-tree	1.0.1+20181105-7	all
node-gauge	4.0.4-2	all
node-get-caller-file	2.0.5+~cs1.1.1-4	all
node-get-stream	6.0.1-1	all
node-glob	8.1.0+~cs8.5.15-1	all
node-glob-parent	6.0.2+~5.1.1-2	all
node-globals	13.23.0-1	all
node-globby	13.1.3+~cs16.25.40-2	all
node-got	11.8.5+~cs58.13.36-3	all
node-graceful-fs	4.2.10-1	all
node-gyp	9.3.0-3	all
node-has-flag	4.0.0-3	all
node-has-unicode	2.0.1-5	all
node-hosted-git-info	6.1.1-2	all
node-http-proxy-agent	7.0.0~0~2023071921-5	all
node-https-proxy-agent	7.0.1~0~2023071921-5	all
node-iconv-lite	0.6.3-3	all
node-icss-utils	5.1.0+~5.1.0-1	all
node-ieee754	1.2.1-3	all
node-iferr	1.0.2+~1.0.2-1	all
node-ignore	5.2.1-1	all
node-imurmurhash	0.1.4+dfsg+~0.1.1-2	all
node-indent-string	4.0.0-2	all
node-inflight	1.0.6-2	all
node-inherits	2.0.4-6	all
node-ini	3.0.1-2	all
node-interpret	2.2.0-3	all
node-ip	2.0.0+~1.1.0-1ubuntu1	all
node-ip-regex	4.3.0+~4.1.1-1	all
node-is-arrayish	0.3.2-3	all
node-is-binary-path	2.1.0-5	all
node-is-buffer	2.0.5-2	all
node-is-descriptor	3.0.0-2	all
node-is-extendable	1.0.1-3	all
node-is-extglob	2.1.1-5	all
node-is-glob	4.0.3-2	all
node-is-number	7.0.0-4	all
node-is-path-cwd	2.2.0-2	all
node-is-path-inside	3.0.3-2	all
node-is-plain-obj	3.0.0-2	all
node-is-plain-object	5.0.0-7	all
node-is-stream	3.0.0-4	all
node-is-typedarray	1.0.0-4	all
node-is-windows	1.0.2+~cs1.0.0-1	all
node-isarray	2.0.5-4	all
node-isexe	2.0.0+~2.0.1-5	all
node-isobject	4.0.0-2	all
node-istanbul	0.4.5+repack10+~cs98.25.59-2	all
node-jest-debbundle	29.6.2~ds1+~cs73.45.28-5	all
node-jest-worker	29.6.2~ds1+~cs73.45.28-5	all
node-js-tokens	8.0.0-2	all
node-js-yaml	4.1.0+dfsg+~4.0.5-7	all
node-jsesc	3.0.2+~3.0.1-1	all
node-json-buffer	3.0.1+~3.0.0-1	all
node-json-parse-better-errors	1.0.2+~cs3.3.1-2	all
node-json-schema	0.4.0+~7.0.11-1	all
node-json-schema-traverse	1.0.0-3	all
node-json-stable-stringify	1.0.2+repack1+~cs1.0.34-2	all
node-json5	2.2.3+dfsg-1build1	all
node-jsonify	0.0.1-1	all
node-jsonparse	1.3.1-10	all
node-kind-of	6.0.3+dfsg-2	all
node-levn	0.4.1+dfsg-2	all
node-loader-runner	4.3.0-1	all
node-locate-path	7.1.1-2	all
node-lodash	4.17.21+dfsg+~cs8.31.198.20210220-9	all
node-lodash-packages	4.17.21+dfsg+~cs8.31.198.20210220-9	all
node-lowercase-keys	2.0.0-2	all
node-lru-cache	7.14.1-1	all
node-make-dir	3.1.0-3	all
node-memfs	3.4.12+~cs1.0.3-1	all
node-memory-fs	0.5.0+~0.3.3-2	all
node-merge-stream	2.0.0+~1.1.2-2	all
node-micromatch	4.0.5+~4.0.2-1	all
node-mime	3.0.0+dfsg+~cs6.97.2-1	all
node-mime-types	2.1.35-2	all
node-mimic-response	3.1.0-8	all
node-minimatch	9.0.3-4build5	all
node-minimist	1.2.8+~cs5.3.5-1	all
node-minipass	3.3.6+~cs9.4.19-1	all
node-mkdirp	1.0.4+~1.0.2-4	all
node-move-concurrently	1.0.1-5	all
node-ms	2.1.3+~cs0.7.31-3	all
node-mute-stream	0.0.8+~0.0.1-3	all
node-n3	1.16.3+~1.2.3+~1.10.4-1	all
node-negotiator	0.6.3+~0.6.1-1	all
node-neo-async	2.6.2+~cs3.0.0-3	all
node-nopt	5.0.0-4	all
node-normalize-package-data	4.0.1+~2.4.1-1	all
node-normalize-path	3.0.0+~3.0.0-1	all
node-npm-bundled	2.0.1-2	all
node-npm-package-arg	10.0.0+~3.0.0-2	all
node-npm-run-path	5.1.0+~4.0.0-8	all
node-npmlog	7.0.1+~4.1.4-1	all
node-object-assign	4.1.1-7	all
node-object-inspect	1.12.2+~cs1.8.1-1	all
node-once	1.4.1-1	all
node-optimist	0.6.1+~0.0.30-2	all
node-optionator	0.9.1+dfsg+~cs1.2.3-1	all
node-osenv	0.1.5+~0.1.1-1	all
node-p-cancelable	2.1.1-1	all
node-p-limit	4.0.0+~cs4.0.0-5	all
node-p-locate	6.0.0-12	all
node-p-map	4.0.0+~3.1.0+~3.0.1-1	all
node-parse-json	5.2.0+~cs5.1.7-1	all
node-path-dirname	1.0.2-2	all
node-path-exists	5.0.0-8	all
node-path-is-absolute	2.0.0-2	all
node-path-is-inside	1.0.2+~1.0.0-1	all
node-path-type	4.0.0-3	all
node-picocolors	1.0.0-4	all
node-pify	5.0.0+~cs5.0.1-1	all
node-pkg-dir	5.0.0-2	all
node-postcss	8.4.31+~cs8.0.26-1	all
node-postcss-modules-extract-imports	3.0.0-2	all
node-postcss-modules-values	4.0.0+~4.0.0-1	all
node-postcss-value-parser	4.2.0-1	all
node-prelude-ls	1.2.1+dfsg-3	all
node-process-nextick-args	2.0.1-3	all
node-progress	2.0.3-2	all
node-promise-inflight	1.0.1+~1.0.0-1	all
node-promise-retry	2.0.1-4	all
node-promzard	0.3.0-2	all
node-prr	1.0.1-3	all
node-pump	3.0.0-5	all
node-punycode	2.2.3-2	all
node-quick-lru	6.1.1-4	all
node-randombytes	2.1.0+~2.0.0-2	all
node-read	1.0.7-5	all
node-read-package-json	5.0.2+~2.0.0-1	all
node-read-pkg	5.2.0-2	all
node-readable-stream	3.6.0+~cs3.0.0-4build1	all
node-readdirp	3.6.0-1	all
node-rechoir	0.8.0+~0.6.1-2	all
node-regenerate	1.4.2-3	all
node-regenerate-unicode-properties	10.1.0+ds-1	all
node-regenerator-runtime	0.15.2+~0.10.8-1	all
node-regenerator-transform	0.15.2+~0.10.8-1	all
node-regexpp	3.2.0-5	all
node-regexpu-core	5.2.2-3	all
node-regjsgen	0.7.1+ds-1	all
node-regjsparser	0.9.1+ds-2	all
node-repeat-string	1.6.1+repack-1	all
node-require-directory	2.1.1+~2.1.2-1	all
node-resolve	1.22.8+~cs5.34.15-2	all
node-resolve-cwd	3.0.0-2	all
node-resolve-from	5.0.0+~3.1.0+~3.3.0+~2.0.0-1	all
node-resumer	0.0.0-6	all
node-retry	0.13.1+~0.12.1-1	all
node-rimraf	3.0.2-2	all
node-run-queue	2.0.0-3	all
node-safe-buffer	5.2.1+~cs2.1.2-3	all
node-schema-utils	4.2.0~ds-3build3	all
node-semver	7.5.4+~7.5.0-2	all
node-serialize-javascript	6.0.1-1	all
node-set-blocking	2.0.0-2	all
node-set-immediate-shim	2.0.0-2	all
node-shebang-command	2.0.0-1	all
node-shebang-regex	3.0.0-2	all
node-signal-exit	4.1.0-6	all
node-slash	4.0.0-3	all
node-slice-ansi	5.0.0+~cs9.0.0-5	all
node-source-list-map	2.0.1+dfsg+~0.1.2-1	all
node-source-map	0.7.0++dfsg2+really.0.6.1-15	all
node-source-map-support	0.5.21+ds+~0.5.4-1	all
node-spdx-correct	3.1.1-2	all
node-spdx-exceptions	2.3.0-2	all
node-spdx-expression-parse	3.0.1+~3.0.1-1	all
node-spdx-license-ids	3.0.12-1	all
node-sprintf-js	1.1.2+ds1+~1.1.2-1	all
node-ssri	9.0.1-2	all
node-string-decoder	1.3.0-6	all
node-string-width	4.2.3+~cs13.2.3-1	all
node-strip-ansi	6.0.1-2	all
node-strip-bom	4.0.0-2	all
node-strip-json-comments	4.0.0-4	all
node-supports-color	8.1.1+~8.1.1-1	all
node-tapable	2.2.1-3	all
node-tape	5.6.1+~cs8.20.19-1	all
node-tar	6.1.13+~cs7.0.5-3	all
node-terser	5.19.2-1	all
node-text-table	0.2.0-4	all
node-through	2.3.8+~cs0.0.30-1	all
node-time-stamp	2.2.0-2	all
node-to-fast-properties	3.0.1-3	all
node-to-regex-range	5.0.1-4	all
node-tslib	2.4.1-1	all
node-type-check	0.4.0+dfsg-3	all
node-typedarray	0.0.7-1	all
node-typedarray-to-buffer	4.0.0-2	all
node-undici	5.26.3+dfsg1+~cs23.10.12-2	all
node-unicode-canonical-property-names-ecmascript	2.0.0-2	all
node-unicode-match-property-ecmascript	2.0.0-2	all
node-unicode-match-property-value-ecmascript	2.1.0+ds-1	all
node-unicode-property-aliases-ecmascript	2.1.0+ds-1	all
node-unique-filename	1.1.1+ds-2	all
node-uri-js	4.4.0+dfsg-8	all
node-util	0.12.5+~1.0.10-1	all
node-util-deprecate	1.0.2-3	all
node-uuid	8.3.2+~8.3.3-4	all
node-v8-compile-cache	2.4.0-2	all
node-v8flags	3.2.0+~3.1.1-1	all
node-validate-npm-package-license	3.0.4-2	all
node-validate-npm-package-name	5.0.0+~4.0.0-1	all
node-watchpack	2.4.0+~cs2.8.1-1	all
node-wcwidth.js	1.0.2-2	all
node-webassemblyjs	1.11.4+dfsg+~cs10.11.17-2	all
node-webpack-sources	3.2.3+~3.2.0-2	all
node-which	2.0.2+~cs1.3.2-3	all
node-wide-align	1.1.3-4	all
node-wordwrap	1.0.0-4	all
node-wrap-ansi	8.0.1+~8.0.1-3	all
node-wrappy	1.0.2-3	all
node-write	2.0.0~6.0.1+~3.0.4+~2.0.0+~1.0.0+~2.0.1-1	all
node-write-file-atomic	4.0.2+~4.0.0-2	all
node-xtend	4.0.2-3	all
node-y18n	5.0.8+~5.0.0-3	all
node-yallist	4.0.0+~4.0.1-1	all
node-yargs	16.2.0+~16.0.4-7	all
node-yargs-parser	21.1.1+~21.0.0-4	all
nodejs	18.19.1+dfsg-6ubuntu5	amd64
npm	9.2.0~ds1-2	all
ocl-icd-libopencl1	2.3.2-1build1	amd64
openjdk-21-jdk	21.0.10+7-1~24.04	amd64
openjdk-21-jdk-headless	21.0.10+7-1~24.04	amd64
openjdk-21-jre	21.0.10+7-1~24.04	amd64
openjdk-21-jre-headless	21.0.10+7-1~24.04	amd64
openssh-client	1:9.6p1-3ubuntu13.14	amd64
openssh-server	1:9.6p1-3ubuntu13.14	amd64
openssh-sftp-server	1:9.6p1-3ubuntu13.14	amd64
openssl	3.0.13-0ubuntu3.7	amd64
packagekit	1.2.8-2ubuntu1.4	amd64
passwd	1:4.13+dfsg1-4ubuntu3.2	amd64
patch	2.7.6-7build3	amd64
perl	5.38.2-3.2ubuntu0.2	amd64
perl-base	5.38.2-3.2ubuntu0.2	amd64
perl-modules-5.38	5.38.2-3.2ubuntu0.2	all
php-bcmath	2:8.3+93ubuntu2	all
php-cli	2:8.3+93ubuntu2	all
php-common	2:93ubuntu2	all
php-curl	2:8.3+93ubuntu2	all
php-gd	2:8.3+93ubuntu2	all
php-intl	2:8.3+93ubuntu2	all
php-mbstring	2:8.3+93ubuntu2	all
php-mysql	2:8.3+93ubuntu2	all
php-sqlite3	2:8.3+93ubuntu2	all
php-tokenizer	1.2.3-1	all
php-xml	2:8.3+93ubuntu2	all
php-zip	2:8.3+93ubuntu2	all
php8.3-bcmath	8.3.6-0ubuntu0.24.04.6	amd64
php8.3-cli	8.3.6-0ubuntu0.24.04.6	amd64
php8.3-common	8.3.6-0ubuntu0.24.04.6	amd64
php8.3-curl	8.3.6-0ubuntu0.24.04.6	amd64
php8.3-gd	8.3.6-0ubuntu0.24.04.6	amd64
php8.3-intl	8.3.6-0ubuntu0.24.04.6	amd64
php8.3-mbstring	8.3.6-0ubuntu0.24.04.6	amd64
php8.3-mysql	8.3.6-0ubuntu0.24.04.6	amd64
php8.3-opcache	8.3.6-0ubuntu0.24.04.6	amd64
php8.3-readline	8.3.6-0ubuntu0.24.04.6	amd64
php8.3-sqlite3	8.3.6-0ubuntu0.24.04.6	amd64
php8.3-xml	8.3.6-0ubuntu0.24.04.6	amd64
php8.3-zip	8.3.6-0ubuntu0.24.04.6	amd64
pinentry-curses	1.2.1-3ubuntu5	amd64
pipx	1.4.3-1	all
pkg-config	1.8.1-2build1	amd64
pkgconf	1.8.1-2build1	amd64
pkgconf-bin	1.8.1-2build1	amd64
polkitd	124-2ubuntu1.24.04.2	amd64
procps	2:4.0.4-4ubuntu3.2	amd64
psmisc	23.7-1build1	amd64
python-apt-common	2.7.7ubuntu5.2	all
python3	3.12.3-0ubuntu2.1	amd64
python3-apt	2.7.7ubuntu5.2	amd64
python3-argcomplete	3.1.4-1ubuntu0.1	all
python3-blinker	1.7.0-1	all
python3-cffi-backend	1.16.0-2build1	amd64
python3-click	8.1.6-2	all
python3-colorama	0.4.6-4	all
python3-cryptography	41.0.7-4ubuntu0.1	amd64
python3-dbus	1.3.2-5build3	amd64
python3-distro	1.9.0-1	all
python3-gi	3.48.2-1	amd64
python3-httplib2	0.20.4-3	all
python3-jwt	2.7.0-1	all
python3-launchpadlib	1.11.0-6	all
python3-lazr.restfulclient	0.14.6-1	all
python3-lazr.uri	1.0.6-3	all
python3-minimal	3.12.3-0ubuntu2.1	amd64
python3-oauthlib	3.2.2-1	all
python3-packaging	24.0-1	all
python3-pip-whl	24.0+dfsg-1ubuntu1.3	all
python3-pkg-resources	68.1.2-2ubuntu1.2	all
python3-platformdirs	4.2.0-1	all
python3-pygments	2.17.2+dfsg-1	all
python3-pyparsing	3.1.1-1	all
python3-setuptools-whl	68.1.2-2ubuntu1.2	all
python3-six	1.16.0-4	all
python3-software-properties	0.99.49.4	all
python3-toml	0.10.2-1	all
python3-userpath	1.9.1-1	all
python3-venv	3.12.3-0ubuntu2.1	amd64
python3-wadllib	1.3.6-5	all
python3-xmltodict	0.13.0-1ubuntu0.24.04.1	all
python3-yaml	6.0.1-2build2	amd64
python3.12	3.12.3-1ubuntu0.11	amd64
python3.12-minimal	3.12.3-1ubuntu0.11	amd64
python3.12-venv	3.12.3-1ubuntu0.11	amd64
rake	13.0.6-3	all
readline-common	8.2-4build1	all
ri	1:3.2~ubuntu1	all
ripgrep	14.1.0-1	amd64
rpcsvc-proto	1.4.2-0ubuntu7	amd64
rsync	3.2.7-1ubuntu1.2	amd64
ruby	1:3.2~ubuntu1	amd64
ruby-dev	1:3.2~ubuntu1	amd64
ruby-full	1:3.2~ubuntu1	all
ruby-net-telnet	0.2.0-1	all
ruby-rubygems	3.4.20-1	all
ruby-sdbm	1.0.0-5build4	amd64
ruby-webrick	1.8.1-1ubuntu0.2	all
ruby-xmlrpc	0.3.2-2	all
ruby3.2	3.2.3-1ubuntu0.24.04.6	amd64
ruby3.2-dev	3.2.3-1ubuntu0.24.04.6	amd64
ruby3.2-doc	3.2.3-1ubuntu0.24.04.6	all
rubygems-integration	1.18	all
sed	4.9-2build1	amd64
sensible-utils	0.0.22	all
session-migration	0.3.9build1	amd64
sgml-base	1.31	all
shared-mime-info	2.4-4	amd64
socat	1.8.0.0-4build3	amd64
software-properties-common	0.99.49.4	all
strace	6.8-0ubuntu2	amd64
sudo	1.9.15p5-3ubuntu5.24.04.1	amd64
sysstat	12.6.1-2	amd64
systemd	255.4-1ubuntu8.12	amd64
systemd-dev	255.4-1ubuntu8.12	all
systemd-sysv	255.4-1ubuntu8.12	amd64
sysvinit-utils	3.08-6ubuntu3	amd64
tar	1.35+dfsg-3build1	amd64
tcl	8.6.14build1	amd64
tcl-dev	8.6.14build1	amd64
tcl8.6	8.6.14+dfsg-1build1	amd64
tcl8.6-dev	8.6.14+dfsg-1build1	amd64
terser	5.19.2-1	all
timgm6mb-soundfont	1.3-5	all
tk	8.6.14build1	amd64
tk-dev	8.6.14build1	amd64
tk8.6	8.6.14-1build1	amd64
tk8.6-dev	8.6.14-1build1	amd64
tmux	3.4-1ubuntu0.1	amd64
tree	2.1.1-2ubuntu3.24.04.2	amd64
tzdata	2025b-0ubuntu0.24.04.1	all
ubuntu-keyring	2023.11.28.1	all
ubuntu-mono	24.04-0ubuntu1	all
ucf	3.0043+nmu1	all
udev	255.4-1ubuntu8.12	amd64
unminimize	0.2.1	amd64
unzip	6.0-28ubuntu4.1	amd64
util-linux	2.39.3-9ubuntu6.4	amd64
uuid-dev	2.39.3-9ubuntu6.4	amd64
valgrind	1:3.22.0-0ubuntu3	amd64
vim	2:9.1.0016-1ubuntu7.9	amd64
vim-common	2:9.1.0016-1ubuntu7.9	all
vim-runtime	2:9.1.0016-1ubuntu7.9	all
webpack	5.76.1+dfsg1+~cs17.16.16-1	all
wget	1.21.4-1ubuntu4.1	amd64
x11-common	1:7.7+23ubuntu3	all
x11-xkb-utils	7.7+8build2	amd64
x11proto-core-dev	2023.2-1	all
x11proto-dev	2023.2-1	all
xauth	1:1.1.2-1build1	amd64
xdg-utils	1.1.3-4.1ubuntu3	all
xfonts-cyrillic	1:1.0.5+nmu1	all
xfonts-encodings	1:1.0.5-0ubuntu2	all
xfonts-scalable	1:1.0.3-1.3	all
xfonts-utils	1:7.7+6build3	amd64
xkb-data	2.41-2ubuntu1.1	all
xml-core	0.19	all
xorg-sgml-doctools	1:1.11-1.1	all
xserver-common	2:21.1.12-1ubuntu1.5	all
xtrans-dev	1.4.0-1	all
xvfb	2:21.1.12-1ubuntu1.5	amd64
xz-utils	5.6.1+really5.4.5-1ubuntu0.2	amd64
yq	3.1.0-3	all
zip	3.0-13ubuntu0.2	amd64
zlib1g	1:1.3.dfsg-3.1ubuntu2.1	amd64
zlib1g-dev	1:1.3.dfsg-3.1ubuntu2.1	amd64
